name,organization,homepage,logo,twitter,crunchbase_url,funding,member,relation,tag,license,headquarters,description,crunchbase_description,crunchbase_homepage,crunchbase_city,crunchbase_region,crunchbase_country,crunchbase_twitter,crunchbase_linkedin,crunchbase_ticker,crunchbase_kind,crunchbase_min_employees,crunchbase_max_employees,category,subcategory,oss,github_repo,github_stars,github_description,github_latest_commit_date,github_latest_commit_link,github_latest_release_date,github_latest_release_link,github_start_commit_date,github_start_commit_link,github_contributors_count,github_contributors_link,accepted,incubation,graduated,dev_stats_url,artwork_url,blog_url,mailing_list_url,slack_url,youtube_url,chat_channel,last_audit_date,last_audit_url
aallam/openai-kotlin,,https://github.com/aallam/openai-kotlin,logos/b2c5f40cfd628f401ac6af944277a8b00038869f62d8fb1b86258549459497b4.svg,,,,,,,,,OpenAI API client for Kotlin with multiplatform and coroutines capabilities.,,,,,,,,,,,,Application Engineering,Frameworks,,,,,,,,,,,,,,,,,,,,,,,,
AbdBarho/stable-diffusion-webui-docker,,https://github.com/AbdBarho/stable-diffusion-webui-docker,logos/0b22fe6553ffd6c927de0a316a0b01cde01e4c3932170c13bfebb45153f0cdb8.svg,,,,,,,,,Easy Docker setup for Stable Diffusion with user-friendly UI,,,,,,,,,,,,Application Engineering,UserInterface,,,,,,,,,,,,,,,,,,,,,,,,
abi/screenshot-to-code,,https://github.com/abi/screenshot-to-code,logos/0b22fe6553ffd6c927de0a316a0b01cde01e4c3932170c13bfebb45153f0cdb8.svg,,,,,,,,,Drop in a screenshot and convert it to clean code (HTML/Tailwind/React/Vue),,,,,,,,,,,,Application Engineering,UserInterface,,,,,,,,,,,,,,,,,,,,,,,,
activepieces/activepieces,,https://github.com/activepieces/activepieces,logos/0b22fe6553ffd6c927de0a316a0b01cde01e4c3932170c13bfebb45153f0cdb8.svg,,,,,,,,,Your friendliest open source AI automation tool ‚ú® Workflow automation tool 200+ integration / Enterprise automation tool / Zapier Alternative,,,,,,,,,,,,Application Engineering,Agentic Framework,,,,,,,,,,,,,,,,,,,,,,,,
ajndkr/lanarky,,https://github.com/ajndkr/lanarky,logos/0b22fe6553ffd6c927de0a316a0b01cde01e4c3932170c13bfebb45153f0cdb8.svg,,,,,,,,,The web framework for building LLM microservices,,,,,,,,,,,,Application Engineering,Frameworks,,,,,,,,,,,,,,,,,,,,,,,,
all-in-aigc/sorafm,,https://github.com/all-in-aigc/sorafm,logos/0b22fe6553ffd6c927de0a316a0b01cde01e4c3932170c13bfebb45153f0cdb8.svg,,,,,,,,,Sora AI Video Generator by Sora.FM,,,,,,,,,,,,Application Engineering,UserInterface,,,,,,,,,,,,,,,,,,,,,,,,
allenai/RL4LMs,,https://github.com/allenai/RL4LMs,logos/0b22fe6553ffd6c927de0a316a0b01cde01e4c3932170c13bfebb45153f0cdb8.svg,,,,,,,,,A modular RL library to fine-tune language models to human preferences,,,,,,,,,,,,Models,Fine tuning,,,,,,,,,,,,,,,,,,,,,,,,
anse-app/chatgpt-demo,,https://github.com/anse-app/chatgpt-demo,logos/0b22fe6553ffd6c927de0a316a0b01cde01e4c3932170c13bfebb45153f0cdb8.svg,,,,,,,,,Minimal web UI for ChatGPT. ,,,,,,,,,,,,Application Engineering,UserInterface,,,,,,,,,,,,,,,,,,,,,,,,
axflow/axflow,,https://axflow.dev,logos/0b22fe6553ffd6c927de0a316a0b01cde01e4c3932170c13bfebb45153f0cdb8.svg,,,,,,,,,The TypeScript framework for AI development,,,,,,,,,,,,Application Engineering,Frameworks,,,,,,,,,,,,,,,,,,,,,,,,
Azure/PyRIT,,https://github.com/Azure/PyRIT,logos/0b22fe6553ffd6c927de0a316a0b01cde01e4c3932170c13bfebb45153f0cdb8.svg,,,,,,,,,The Python Risk Identification Tool for generative AI (PyRIT) is an open access automation framework to empower security professionals and machine learning engineers to proactively find risks in their generative AI systems.,,,,,,,,,,,,Application Engineering,Evals,,,,,,,,,,,,,,,,,,,,,,,,
BAAI-Agents/Cradle,,https://github.com/BAAI-Agents/Cradle,logos/0b22fe6553ffd6c927de0a316a0b01cde01e4c3932170c13bfebb45153f0cdb8.svg,,,,,,,,,"The Cradle framework is a first attempt at General Computer Control (GCC). Cradle supports agents to ace any computer task by enabling strong reasoning abilities, self-improvment, and skill curation, in a standardized general environment with minimal requirements.",,,,,,,,,,,,Application Engineering,Agentic Framework,,,,,,,,,,,,,,,,,,,,,,,,
BCG-X-Official/agentkit,,https://github.com/BCG-X-Official/agentkit,logos/0b22fe6553ffd6c927de0a316a0b01cde01e4c3932170c13bfebb45153f0cdb8.svg,,,,,,,,,"Starter-kit to build constrained agents with Nextjs, FastAPI and Langchain",,,,,,,,,,,,Application Engineering,Agentic Framework,,,,,,,,,,,,,,,,,,,,,,,,
BloopAI/bloop,,https://github.com/BloopAI/bloop,logos/0b22fe6553ffd6c927de0a316a0b01cde01e4c3932170c13bfebb45153f0cdb8.svg,,,,,,,,,bloop is a fast code search engine written in Rust.,,,,,,,,,,,,Application Engineering,Agentic Framework,,,,,,,,,,,,,,,,,,,,,,,,
Canner/WrenAI,,https://github.com/Canner/WrenAI,logos/0b22fe6553ffd6c927de0a316a0b01cde01e4c3932170c13bfebb45153f0cdb8.svg,,,,,,,,,üöÄ Open-source SQL AI Agent. A Text-to-SQL solution for your data! ü§ò,,,,,,,,,,,,Application Engineering,UserInterface,,,,,,,,,,,,,,,,,,,,,,,,
cg123/mergekit,,https://github.com/cg123/mergekit,logos/0b22fe6553ffd6c927de0a316a0b01cde01e4c3932170c13bfebb45153f0cdb8.svg,,,,,,,,,Tools for merging pretrained large language models.,,,,,,,,,,,,Application Engineering,Frameworks,,,,,,,,,,,,,,,,,,,,,,,,
codota/TabNine,,https://github.com/codota/TabNine,logos/0b22fe6553ffd6c927de0a316a0b01cde01e4c3932170c13bfebb45153f0cdb8.svg,,,,,,,,,AI Code Completions,,,,,,,,,,,,Application Engineering,UserInterface,,,,,,,,,,,,,,,,,,,,,,,,
confident-ai/deepeval,,https://github.com/confident-ai/deepeval,logos/0b22fe6553ffd6c927de0a316a0b01cde01e4c3932170c13bfebb45153f0cdb8.svg,,,,,,,,,The LLM Evaluation Framework,,,,,,,,,,,,Application Engineering,Evals,,,,,,,,,,,,,,,,,,,,,,,,
danielmiessler/fabric,,https://github.com/danielmiessler/fabric,logos/0b22fe6553ffd6c927de0a316a0b01cde01e4c3932170c13bfebb45153f0cdb8.svg,,,,,,,,,fabric is an open-source framework for augmenting humans using AI. It provides a modular framework for solving specific problems using a crowdsourced set of AI prompts that can be used anywhere.,,,,,,,,,,,,Application Engineering,Agentic Framework,,,,,,,,,,,,,,,,,,,,,,,,
danielmiessler/fabric,,https://github.com/danielmiessler/fabric,logos/0b22fe6553ffd6c927de0a316a0b01cde01e4c3932170c13bfebb45153f0cdb8.svg,,,,,,,,,fabric is an open-source framework for augmenting humans using AI. It provides a modular framework for solving specific problems using a crowdsourced set of AI prompts that can be used anywhere.,,,,,,,,,,,,Application Engineering,Prompt Engineering,,,,,,,,,,,,,,,,,,,,,,,,
dot-agent/nextpy,,https://github.com/dot-agent/nextpy,logos/0b22fe6553ffd6c927de0a316a0b01cde01e4c3932170c13bfebb45153f0cdb8.svg,,,,,,,,,ü§ñSelf-Modifying Framework from the Future üîÆ World's First AMS,,,,,,,,,,,,Application Engineering,Agentic Framework,,,,,,,,,,,,,,,,,,,,,,,,
dusty-nv/jetson-inference,,https://github.com/dusty-nv/jetson-inference,logos/0b22fe6553ffd6c927de0a316a0b01cde01e4c3932170c13bfebb45153f0cdb8.svg,,,,,,,,,Hello AI World guide to deploying deep-learning inference networks and deep vision primitives with TensorRT and NVIDIA Jetson.,,,,,,,,,,,,Operations,Model Serving,,,,,,,,,,,,,,,,,,,,,,,,
ekzhu/datasketch,,https://github.com/ekzhu/datasketch,logos/0b22fe6553ffd6c927de0a316a0b01cde01e4c3932170c13bfebb45153f0cdb8.svg,,,,,,,,,"MinHash, LSH, LSH Forest, Weighted MinHash, HyperLogLog, HyperLogLog++, LSH Ensemble and HNSW",,,,,,,,,,,,Application Engineering,Frameworks,,,,,,,,,,,,,,,,,,,,,,,,
eli64s/readme-ai,,https://github.com/eli64s/readme-ai,logos/0b22fe6553ffd6c927de0a316a0b01cde01e4c3932170c13bfebb45153f0cdb8.svg,,,,,,,,,"README file generator, powered by AI.",,,,,,,,,,,,Application Engineering,Agentic Framework,,,,,,,,,,,,,,,,,,,,,,,,
embeddings-benchmark/mteb,,https://github.com/embeddings-benchmark/mteb,logos/0b22fe6553ffd6c927de0a316a0b01cde01e4c3932170c13bfebb45153f0cdb8.svg,,,,,,,,,MTEB: Massive Text Embedding Benchmark,,,,,,,,,,,,Application Engineering,Evals,,,,,,,,,,,,,,,,,,,,,,,,
emilwallner/Screenshot-to-code,,https://github.com/emilwallner/Screenshot-to-code,logos/0b22fe6553ffd6c927de0a316a0b01cde01e4c3932170c13bfebb45153f0cdb8.svg,,,,,,,,,A neural network that transforms a design mock-up into a static website.,,,,,,,,,,,,Application Engineering,Agentic Framework,,,,,,,,,,,,,,,,,,,,,,,,
eric-mitchell/direct-preference-optimization,,https://github.com/eric-mitchell/direct-preference-optimization,logos/0b22fe6553ffd6c927de0a316a0b01cde01e4c3932170c13bfebb45153f0cdb8.svg,,,,,,,,,Reference implementation for DPO (Direct Preference Optimization),,,,,,,,,,,,Models,Fine tuning,,,,,,,,,,,,,,,,,,,,,,,,
f/awesome-chatgpt-prompts,,https://github.com/f/awesome-chatgpt-prompts,logos/0b22fe6553ffd6c927de0a316a0b01cde01e4c3932170c13bfebb45153f0cdb8.svg,,,,,,,,,This repo includes ChatGPT prompt curation to use ChatGPT better.,,,,,,,,,,,,Application Engineering,Prompt Engineering,,,,,,,,,,,,,,,,,,,,,,,,
facebookresearch/llama,,https://github.com/facebookresearch/llama,logos/0b22fe6553ffd6c927de0a316a0b01cde01e4c3932170c13bfebb45153f0cdb8.svg,,,,,,,,,Inference code for Llama models,,,,,,,,,,,,Models,Foundation model,,,,,,,,,,,,,,,,,,,,,,,,
Farama-Foundation/chatarena,,https://github.com/Farama-Foundation/chatarena,logos/0b22fe6553ffd6c927de0a316a0b01cde01e4c3932170c13bfebb45153f0cdb8.svg,,,,,,,,,ChatArena (or Chat Arena) is a Multi-Agent Language Game Environments for LLMs. The goal is to develop communication and collaboration capabilities of AIs.,,,,,,,,,,,,Application Engineering,Agentic Framework,,,,,,,,,,,,,,,,,,,,,,,,
FastAPI-MCP,,https://github.com/tadata-org/fastapi_mcp,logos/0b22fe6553ffd6c927de0a316a0b01cde01e4c3932170c13bfebb45153f0cdb8.svg,,,,,,,,,"Expose your FastAPI endpoints as Model Context Protocol (MCP) tools, with Auth!",,,,,,,,,,,,Application Engineering,Agentic Framework,,,,,,,,,,,,,,,,,,,,,,,,
fauxpilot/fauxpilot,,https://github.com/fauxpilot/fauxpilot,logos/0b22fe6553ffd6c927de0a316a0b01cde01e4c3932170c13bfebb45153f0cdb8.svg,,,,,,,,,FauxPilot - an open-source alternative to GitHub Copilot server,,,,,,,,,,,,Application Engineering,Agentic Framework,,,,,,,,,,,,,,,,,,,,,,,,
getcursor/cursor,,https://github.com/getcursor/cursor,logos/0b22fe6553ffd6c927de0a316a0b01cde01e4c3932170c13bfebb45153f0cdb8.svg,,,,,,,,,The AI Code Editor,,,,,,,,,,,,Application Engineering,Agentic Framework,,,,,,,,,,,,,,,,,,,,,,,,
google-deepmind/tree,,https://github.com/google-deepmind/tree,logos/0b22fe6553ffd6c927de0a316a0b01cde01e4c3932170c13bfebb45153f0cdb8.svg,,,,,,,,,tree is a library for working with nested data structures,,,,,,,,,,,,Application Engineering,Frameworks,,,,,,,,,,,,,,,,,,,,,,,,
gorilla-llm/gorilla-cli,,https://github.com/gorilla-llm/gorilla-cli,logos/0b22fe6553ffd6c927de0a316a0b01cde01e4c3932170c13bfebb45153f0cdb8.svg,,,,,,,,,LLMs for your CLI,,,,,,,,,,,,Application Engineering,UserInterface,,,,,,,,,,,,,,,,,,,,,,,,
gpuweb/gpuweb,,https://github.com/gpuweb/gpuweb,logos/0b22fe6553ffd6c927de0a316a0b01cde01e4c3932170c13bfebb45153f0cdb8.svg,,,,,,,,,Where the GPU for the Web work happens!,,,,,,,,,,,,Application Engineering,Frameworks,,,,,,,,,,,,,,,,,,,,,,,,
gragland/chatgpt-chrome-extension,,https://github.com/gragland/chatgpt-chrome-extension,logos/0b22fe6553ffd6c927de0a316a0b01cde01e4c3932170c13bfebb45153f0cdb8.svg,,,,,,,,,A ChatGPT Chrome extension. Integrates ChatGPT into every text box on the internet.,,,,,,,,,,,,Application Engineering,UserInterface,,,,,,,,,,,,,,,,,,,,,,,,
guidance-ai/guidance,,https://github.com/guidance-ai/guidance,logos/0b22fe6553ffd6c927de0a316a0b01cde01e4c3932170c13bfebb45153f0cdb8.svg,,,,,,,,,A guidance language for controlling large language models.,,,,,,,,,,,,Application Engineering,Prompt Engineering,,,,,,,,,,,,,,,,,,,,,,,,
HazyResearch/meerkat,,https://github.com/HazyResearch/meerkat,logos/0b22fe6553ffd6c927de0a316a0b01cde01e4c3932170c13bfebb45153f0cdb8.svg,,,,,,,,,Creative interactive views of any dataset. ,,,,,,,,,,,,Application Engineering,UserInterface,,,,,,,,,,,,,,,,,,,,,,,,
HazyResearch/safari,,https://github.com/HazyResearch/safari,logos/0b22fe6553ffd6c927de0a316a0b01cde01e4c3932170c13bfebb45153f0cdb8.svg,,,,,,,,,Convolutions for Sequence Modeling,,,,,,,,,,,,Application Engineering,Frameworks,,,,,,,,,,,,,,,,,,,,,,,,
horseee/LLM-Pruner,,https://github.com/horseee/LLM-Pruner,logos/0b22fe6553ffd6c927de0a316a0b01cde01e4c3932170c13bfebb45153f0cdb8.svg,,,,,,,,,"[NeurIPS 2023] LLM-Pruner: On the Structural Pruning of Large Language Models. Support Llama-3/3.1, Llama-2, LLaMA,  BLOOM, Vicuna, Baichuan, TinyLlama, etc.",,,,,,,,,,,,Operations,Model Serving,,,,,,,,,,,,,,,,,,,,,,,,
huggingface/diffusers,,https://github.com/huggingface/diffusers,logos/0b22fe6553ffd6c927de0a316a0b01cde01e4c3932170c13bfebb45153f0cdb8.svg,,,,,,,,,ü§ó Diffusers: State-of-the-art diffusion models for image and audio generation in PyTorch and FLAX.,,,,,,,,,,,,Application Engineering,Frameworks,,,,,,,,,,,,,,,,,,,,,,,,
huggingface/evaluate,,https://github.com/huggingface/evaluate,logos/0b22fe6553ffd6c927de0a316a0b01cde01e4c3932170c13bfebb45153f0cdb8.svg,,,,,,,,,ü§ó Evaluate: A library for easily evaluating machine learning models and datasets.,,,,,,,,,,,,Application Engineering,Evals,,,,,,,,,,,,,,,,,,,,,,,,
huggingface/peft,,https://github.com/huggingface/peft,logos/0b22fe6553ffd6c927de0a316a0b01cde01e4c3932170c13bfebb45153f0cdb8.svg,,,,,,,,,ü§ó PEFT: State-of-the-art Parameter-Efficient Fine-Tuning.,,,,,,,,,,,,Models,Fine tuning,,,,,,,,,,,,,,,,,,,,,,,,
huggingface/safetensors,,https://github.com/huggingface/safetensors,logos/844b07f3f3ad853a8b336488d0dd0cfce52df0a96d7172080b6de6fffc34a960.svg,,,,,,,,,"Simple, safe way to store and distribute tensors",,,,,,,,,,,,Application Engineering,Frameworks,,,,,,,,,,,,,,,,,,,,,,,,
huggingface/text-embeddings-inference,,https://github.com/huggingface/text-embeddings-inference,logos/0b22fe6553ffd6c927de0a316a0b01cde01e4c3932170c13bfebb45153f0cdb8.svg,,,,,,,,,A blazing fast inference solution for text embeddings models,,,,,,,,,,,,Operations,Model Serving,,,,,,,,,,,,,,,,,,,,,,,,
huggingface/text-generation-inference,,https://github.com/huggingface/text-generation-inference,logos/0b22fe6553ffd6c927de0a316a0b01cde01e4c3932170c13bfebb45153f0cdb8.svg,,,,,,,,,Large Language Model Text Generation Inference,,,,,,,,,,,,Operations,Model Serving,,,,,,,,,,,,,,,,,,,,,,,,
invoke-ai/InvokeAI,,https://github.com/invoke-ai/InvokeAI,logos/0b22fe6553ffd6c927de0a316a0b01cde01e4c3932170c13bfebb45153f0cdb8.svg,,,,,,,,,"Invoke is a leading creative engine for Stable Diffusion models, empowering professionals, artists, and enthusiasts to generate and create visual media using the latest AI-driven technologies. The solution offers an industry leading WebUI, and serves as the foundation for multiple commercial products.",,,,,,,,,,,,Application Engineering,UserInterface,,,,,,,,,,,,,,,,,,,,,,,,
irgolic/AutoPR,,https://github.com/irgolic/AutoPR,logos/0b22fe6553ffd6c927de0a316a0b01cde01e4c3932170c13bfebb45153f0cdb8.svg,,,,,,,,,Run AI-powered workflows over your codebase,,,,,,,,,,,,Application Engineering,Agentic Framework,,,,,,,,,,,,,,,,,,,,,,,,
janhq/jan,,https://github.com/janhq/jan,logos/0b22fe6553ffd6c927de0a316a0b01cde01e4c3932170c13bfebb45153f0cdb8.svg,,,,,,,,,"Jan is an open source alternative to ChatGPT that runs 100% offline on your computer. Multiple engine support (llama.cpp, TensorRT-LLM)",,,,,,,,,,,,Operations,Model Serving,,,,,,,,,,,,,,,,,,,,,,,,
jmorganca/ollama,,https://github.com/jmorganca/ollama,logos/0b22fe6553ffd6c927de0a316a0b01cde01e4c3932170c13bfebb45153f0cdb8.svg,,,,,,,,,"Get up and running with Llama 3.2, Mistral, Gemma 2, and other large language models.",,,,,,,,,,,,Operations,Model Serving,,,,,,,,,,,,,,,,,,,,,,,,
jncraton/languagemodels,,https://github.com/jncraton/languagemodels,logos/0b22fe6553ffd6c927de0a316a0b01cde01e4c3932170c13bfebb45153f0cdb8.svg,,,,,,,,,Explore large language models in 512MB of RAM,,,,,,,,,,,,Operations,Model Serving,,,,,,,,,,,,,,,,,,,,,,,,
kantord/SeaGOAT,,https://github.com/kantord/SeaGOAT,logos/0b22fe6553ffd6c927de0a316a0b01cde01e4c3932170c13bfebb45153f0cdb8.svg,,,,,,,,,local-first semantic code search engine,,,,,,,,,,,,Application Engineering,Agentic Framework,,,,,,,,,,,,,,,,,,,,,,,,
KillianLucas/open-interpreter,,https://github.com/KillianLucas/open-interpreter,logos/0b22fe6553ffd6c927de0a316a0b01cde01e4c3932170c13bfebb45153f0cdb8.svg,,,,,,,,,A natural language interface for computers,,,,,,,,,,,,Application Engineering,Agentic Framework,,,,,,,,,,,,,,,,,,,,,,,,
KnowledgeCanvas/knowledge,,https://github.com/KnowledgeCanvas/knowledge,logos/0b22fe6553ffd6c927de0a316a0b01cde01e4c3932170c13bfebb45153f0cdb8.svg,,,,,,,,,"Knowledge is a tool for saving, searching, accessing, exploring and chatting with all of your favorite websites, documents and files.",,,,,,,,,,,,Application Engineering,Agentic Framework,,,,,,,,,,,,,,,,,,,,,,,,
kuafuai/DevOpsGPT,,https://github.com/kuafuai/DevOpsGPT,logos/0b22fe6553ffd6c927de0a316a0b01cde01e4c3932170c13bfebb45153f0cdb8.svg,,,,,,,,,Multi agent system for AI-driven software development. Combine LLM with DevOps tools to convert natural language requirements into working software. Supports any development language and extends the existing code.,,,,,,,,,,,,Application Engineering,Agentic Framework,,,,,,,,,,,,,,,,,,,,,,,,
kuleshov/minillm,,https://github.com/kuleshov/minillm,logos/0b22fe6553ffd6c927de0a316a0b01cde01e4c3932170c13bfebb45153f0cdb8.svg,,,,,,,,,MiniLLM is a minimal system for running modern LLMs on consumer-grade GPUs,,,,,,,,,,,,Operations,Model Serving,,,,,,,,,,,,,,,,,,,,,,,,
labmlai/labml,,https://github.com/labmlai/labml,logos/0b22fe6553ffd6c927de0a316a0b01cde01e4c3932170c13bfebb45153f0cdb8.svg,,,,,,,,,üîé Monitor deep learning model training and hardware usage from your mobile phone üì±,,,,,,,,,,,,Operations,Monitoring,,,,,,,,,,,,,,,,,,,,,,,,
langfuse/langfuse,,https://github.com/langfuse/langfuse,logos/0b22fe6553ffd6c927de0a316a0b01cde01e4c3932170c13bfebb45153f0cdb8.svg,,,,,,,,,"ü™¢ Open source LLM engineering platform: LLM Observability, metrics, evals, prompt management, playground, datasets. Integrates with LlamaIndex, Langchain, OpenAI SDK, LiteLLM, and more. üçäYC W23 ",,,,,,,,,,,,Operations,Monitoring,,,,,,,,,,,,,,,,,,,,,,,,
lencx/ChatGPT,,https://github.com/lencx/ChatGPT,logos/0b22fe6553ffd6c927de0a316a0b01cde01e4c3932170c13bfebb45153f0cdb8.svg,,,,,,,,,"üîÆ ChatGPT Desktop Application (Mac, Windows and Linux)",,,,,,,,,,,,Application Engineering,UserInterface,,,,,,,,,,,,,,,,,,,,,,,,
life4/textdistance,,https://github.com/life4/textdistance,logos/05a2ac8973b778f9ba4bfe0ed7994c6627dce9861036e203644b27de161796ad.svg,,,,,,,,,"üìê Compute distance between sequences. 30+ algorithms, pure python implementation, common interface, optional external libs usage.",,,,,,,,,,,,Application Engineering,Frameworks,,,,,,,,,,,,,,,,,,,,,,,,
lucidrains/denoising-diffusion-pytorch,,https://github.com/lucidrains/denoising-diffusion-pytorch,logos/0b22fe6553ffd6c927de0a316a0b01cde01e4c3932170c13bfebb45153f0cdb8.svg,,,,,,,,,Implementation of Denoising Diffusion Probabilistic Model in Pytorch,,,,,,,,,,,,Models,Foundation model,,,,,,,,,,,,,,,,,,,,,,,,
madawei2699/myGPTReader,,https://github.com/madawei2699/myGPTReader,logos/0b22fe6553ffd6c927de0a316a0b01cde01e4c3932170c13bfebb45153f0cdb8.svg,,,,,,,,,A community-driven way to read and chat with AI bots - powered by chatGPT.,,,,,,,,,,,,Application Engineering,UserInterface,,,,,,,,,,,,,,,,,,,,,,,,
microsoft/JARVIS,,https://github.com/microsoft/JARVIS,logos/0b22fe6553ffd6c927de0a316a0b01cde01e4c3932170c13bfebb45153f0cdb8.svg,,,,,,,,,"JARVIS, a system to connect LLMs with ML community. Paper: https://arxiv.org/pdf/2303.17580.pdf",,,,,,,,,,,,Application Engineering,Agentic Framework,,,,,,,,,,,,,,,,,,,,,,,,
microsoft/prompt-engine,,https://github.com/microsoft/prompt-engine,logos/0b22fe6553ffd6c927de0a316a0b01cde01e4c3932170c13bfebb45153f0cdb8.svg,,,,,,,,,A library for helping developers craft prompts for Large Language Models,,,,,,,,,,,,Application Engineering,Prompt Engineering,,,,,,,,,,,,,,,,,,,,,,,,
mit-han-lab/llm-awq,,https://github.com/mit-han-lab/llm-awq,logos/0b22fe6553ffd6c927de0a316a0b01cde01e4c3932170c13bfebb45153f0cdb8.svg,,,,,,,,,[MLSys 2024 Best Paper Award] AWQ: Activation-aware Weight Quantization for LLM Compression and Acceleration,,,,,,,,,,,,Operations,Model Serving,,,,,,,,,,,,,,,,,,,,,,,,
mit-han-lab/smoothquant,,https://github.com/mit-han-lab/smoothquant,logos/0b22fe6553ffd6c927de0a316a0b01cde01e4c3932170c13bfebb45153f0cdb8.svg,,,,,,,,,[ICML 2023] SmoothQuant: Accurate and Efficient Post-Training Quantization for Large Language Models,,,,,,,,,,,,Operations,Model Serving,,,,,,,,,,,,,,,,,,,,,,,,
ml-explore/mlx,,https://github.com/ml-explore/mlx,logos/0b22fe6553ffd6c927de0a316a0b01cde01e4c3932170c13bfebb45153f0cdb8.svg,,,,,,,,,MLX: An array framework for Apple silicon,,,,,,,,,,,,Application Engineering,Frameworks,,,,,,,,,,,,,,,,,,,,,,,,
n4ze3m/page-assist,,https://github.com/n4ze3m/page-assist,logos/0b22fe6553ffd6c927de0a316a0b01cde01e4c3932170c13bfebb45153f0cdb8.svg,,,,,,,,,Use your locally running AI models to assist you in your web browsing,,,,,,,,,,,,Application Engineering,Agentic Framework,,,,,,,,,,,,,,,,,,,,,,,,
nashsu/FreeAskInternet,,https://github.com/nashsu/FreeAskInternet,logos/0b22fe6553ffd6c927de0a316a0b01cde01e4c3932170c13bfebb45153f0cdb8.svg,,,,,,,,,"FreeAskInternet is a completely free, PRIVATE and LOCALLY running search aggregator & answer generate using MULTI LLMs, without GPU needed. The user can ask a question and the system will  make a multi engine search and combine the search result to LLM and generate the answer based on search results. It's all FREE to use. ",,,,,,,,,,,,Application Engineering,Agentic Framework,,,,,,,,,,,,,,,,,,,,,,,,
nebuly-ai/nebuly,,https://github.com/nebuly-ai/nebuly,logos/0b22fe6553ffd6c927de0a316a0b01cde01e4c3932170c13bfebb45153f0cdb8.svg,,,,,,,,,A collection of libraries to optimise AI model performances,,,,,,,,,,,,Operations,Monitoring,,,,,,,,,,,,,,,,,,,,,,,,
neuml/txtai,,https://github.com/neuml/txtai,logos/758d84c7f269d5ea78728f5a60292237eb00ffe022df8089152108359bd9fe84.svg,,,,,,,,,"üí° All-in-one open-source embeddings database for semantic search, LLM orchestration and language model workflows",,,,,,,,,,,,Application Engineering,Orchestrator,,,,,,,,,,,,,,,,,,,,,,,,
neuralmagic/deepsparse,,https://github.com/neuralmagic/deepsparse,logos/0b22fe6553ffd6c927de0a316a0b01cde01e4c3932170c13bfebb45153f0cdb8.svg,,,,,,,,,Sparsity-aware deep learning inference runtime for CPUs,,,,,,,,,,,,Operations,Model Serving,,,,,,,,,,,,,,,,,,,,,,,,
NVIDIA/cutlass,,https://github.com/NVIDIA/cutlass,logos/0b22fe6553ffd6c927de0a316a0b01cde01e4c3932170c13bfebb45153f0cdb8.svg,,,,,,,,,CUDA Templates for Linear Algebra Subroutines,,,,,,,,,,,,Application Engineering,Frameworks,,,,,,,,,,,,,,,,,,,,,,,,
NVIDIA/Megatron-LM,,https://github.com/NVIDIA/Megatron-LM,logos/0b22fe6553ffd6c927de0a316a0b01cde01e4c3932170c13bfebb45153f0cdb8.svg,,,,,,,,,Ongoing research training transformer models at scale,,,,,,,,,,,,Models,Foundation model,,,,,,,,,,,,,,,,,,,,,,,,
oobabooga/text-generation-webui,,https://github.com/oobabooga/text-generation-webui,logos/0b22fe6553ffd6c927de0a316a0b01cde01e4c3932170c13bfebb45153f0cdb8.svg,,,,,,,,,A Gradio web UI for Large Language Models.,,,,,,,,,,,,Application Engineering,UserInterface,,,,,,,,,,,,,,,,,,,,,,,,
openai/grade-school-math,,https://github.com/openai/grade-school-math,logos/0b22fe6553ffd6c927de0a316a0b01cde01e4c3932170c13bfebb45153f0cdb8.svg,,,,,,,,,,,,,,,,,,,,,Application Engineering,Evals,,,,,,,,,,,,,,,,,,,,,,,,
openai/prm800k,,https://github.com/openai/prm800k,logos/0b22fe6553ffd6c927de0a316a0b01cde01e4c3932170c13bfebb45153f0cdb8.svg,,,,,,,,,"800,000 step-level correctness labels on LLM solutions to MATH problems",,,,,,,,,,,,Application Engineering,Evals,,,,,,,,,,,,,,,,,,,,,,,,
princeton-nlp/SWE-agent,,https://github.com/princeton-nlp/SWE-agent,logos/0b22fe6553ffd6c927de0a316a0b01cde01e4c3932170c13bfebb45153f0cdb8.svg,,,,,,,,,"[NeurIPS 2024] SWE-agent takes a GitHub issue and tries to automatically fix it, using GPT-4, or your LM of choice. It can also be employed for offensive cybersecurity or competitive coding challenges.",,,,,,,,,,,,Application Engineering,Agentic Framework,,,,,,,,,,,,,,,,,,,,,,,,
pytorch-labs/gpt-fast,,https://github.com/pytorch-labs/gpt-fast,logos/0b22fe6553ffd6c927de0a316a0b01cde01e4c3932170c13bfebb45153f0cdb8.svg,,,,,,,,,Simple and efficient pytorch-native transformer text generation in <1000 LOC of python.,,,,,,,,,,,,Operations,Model Serving,,,,,,,,,,,,,,,,,,,,,,,,
QwenLM/Qwen,,https://github.com/QwenLM/Qwen,logos/0b22fe6553ffd6c927de0a316a0b01cde01e4c3932170c13bfebb45153f0cdb8.svg,,,,,,,,,The official repo of Qwen (ÈÄö‰πâÂçÉÈóÆ) chat & pretrained large language model proposed by Alibaba Cloud.,,,,,,,,,,,,Models,Foundation model,,,,,,,,,,,,,,,,,,,,,,,,
ray-project/ray,,https://github.com/ray-project/ray,logos/0b22fe6553ffd6c927de0a316a0b01cde01e4c3932170c13bfebb45153f0cdb8.svg,,,,,,,,,Ray is an AI compute engine. Ray consists of a core distributed runtime and a set of AI Libraries for accelerating ML workloads.,,,,,,,,,,,,Application Engineering,Frameworks,,,,,,,,,,,,,,,,,,,,,,,,
ricklamers/gpt-code-ui,,https://github.com/ricklamers/gpt-code-ui,logos/0b22fe6553ffd6c927de0a316a0b01cde01e4c3932170c13bfebb45153f0cdb8.svg,,,,,,,,,An open source implementation of OpenAI's ChatGPT Code interpreter,,,,,,,,,,,,Application Engineering,Agentic Framework,,,,,,,,,,,,,,,,,,,,,,,,
rlancemartin/auto-evaluator,,https://github.com/rlancemartin/auto-evaluator,logos/0b22fe6553ffd6c927de0a316a0b01cde01e4c3932170c13bfebb45153f0cdb8.svg,,,,,,,,,Evaluation tool for LLM QA chains,,,,,,,,,,,,Application Engineering,Evals,,,,,,,,,,,,,,,,,,,,,,,,
run-llama/llama_index,,https://github.com/run-llama/llama_index,logos/0b22fe6553ffd6c927de0a316a0b01cde01e4c3932170c13bfebb45153f0cdb8.svg,,,,,,,,,LlamaIndex is a data framework for your LLM applications,,,,,,,,,,,,Application Engineering,Orchestrator,,,,,,,,,,,,,,,,,,,,,,,,
rustformers/llm,,https://github.com/rustformers/llm,logos/0b22fe6553ffd6c927de0a316a0b01cde01e4c3932170c13bfebb45153f0cdb8.svg,,,,,,,,,"[Unmaintained, see README] An ecosystem of Rust libraries for working with large language models",,,,,,,,,,,,Application Engineering,Frameworks,,,,,,,,,,,,,,,,,,,,,,,,
salesforce/CodeTF,,https://github.com/salesforce/CodeTF,logos/0b22fe6553ffd6c927de0a316a0b01cde01e4c3932170c13bfebb45153f0cdb8.svg,,,,,,,,,CodeTF: One-stop Transformer Library for State-of-the-art Code LLM,,,,,,,,,,,,Application Engineering,Frameworks,,,,,,,,,,,,,,,,,,,,,,,,
Shaunwei/RealChar,,https://github.com/Shaunwei/RealChar,logos/0b22fe6553ffd6c927de0a316a0b01cde01e4c3932170c13bfebb45153f0cdb8.svg,,,,,,,,,"üéôÔ∏èü§ñCreate, Customize and Talk to your AI Character/Companion in Realtime (All in One Codebase!). Have a natural seamless conversation with AI everywhere (mobile, web and terminal) using LLM OpenAI GPT3.5/4, Anthropic Claude2, Chroma Vector DB, Whisper Speech2Text, ElevenLabs Text2SpeechüéôÔ∏èü§ñ",,,,,,,,,,,,Application Engineering,UserInterface,,,,,,,,,,,,,,,,,,,,,,,,
shibing624/pycorrector,,https://github.com/shibing624/pycorrector,logos/0b22fe6553ffd6c927de0a316a0b01cde01e4c3932170c13bfebb45153f0cdb8.svg,,,,,,,,,pycorrector is a toolkit for text error correction. ÊñáÊú¨Á∫†ÈîôÔºåÂÆûÁé∞‰∫ÜKenlmÔºåT5ÔºåMacBERTÔºåChatGLM3ÔºåQwen2.5Á≠âÊ®°ÂûãÂ∫îÁî®Âú®Á∫†ÈîôÂú∫ÊôØÔºåÂºÄÁÆ±Âç≥Áî®„ÄÇ,,,,,,,,,,,,Application Engineering,UserInterface,,,,,,,,,,,,,,,,,,,,,,,,
Significant-Gravitas/AutoGPT,,https://github.com/Significant-Gravitas/AutoGPT,logos/0b22fe6553ffd6c927de0a316a0b01cde01e4c3932170c13bfebb45153f0cdb8.svg,,,,,,,,,"AutoGPT is the vision of accessible AI for everyone, to use and to build on. Our mission is to provide the tools, so that you can focus on what matters.",,,,,,,,,,,,Application Engineering,Agentic Framework,,,,,,,,,,,,,,,,,,,,,,,,
smallcloudai/refact,,https://github.com/smallcloudai/refact,logos/0b22fe6553ffd6c927de0a316a0b01cde01e4c3932170c13bfebb45153f0cdb8.svg,,,,,,,,,WebUI for Fine-Tuning and Self-hosting of Open-Source Large Language Models for Coding ,,,,,,,,,,,,Application Engineering,UserInterface,,,,,,,,,,,,,,,,,,,,,,,,
SqueezeAILab/LLMCompiler,,https://github.com/SqueezeAILab/LLMCompiler,logos/0b22fe6553ffd6c927de0a316a0b01cde01e4c3932170c13bfebb45153f0cdb8.svg,,,,,,,,,[ICML 2024] LLMCompiler: An LLM Compiler for Parallel Function Calling,,,,,,,,,,,,Application Engineering,Frameworks,,,,,,,,,,,,,,,,,,,,,,,,
stanfordnlp/dspy,,https://github.com/stanfordnlp/dspy,logos/0b22fe6553ffd6c927de0a316a0b01cde01e4c3932170c13bfebb45153f0cdb8.svg,,,,,,,,,DSPy: The framework for programming‚Äînot prompting‚Äîfoundation models,,,,,,,,,,,,Application Engineering,Prompt Engineering,,,,,,,,,,,,,,,,,,,,,,,,
TencentARC/GFPGAN,,https://github.com/TencentARC/GFPGAN,logos/0b22fe6553ffd6c927de0a316a0b01cde01e4c3932170c13bfebb45153f0cdb8.svg,,,,,,,,,GFPGAN aims at developing Practical Algorithms for Real-world Face Restoration.,,,,,,,,,,,,Application Engineering,Frameworks,,,,,,,,,,,,,,,,,,,,,,,,
THUDM/AgentBench,,https://github.com/THUDM/AgentBench,logos/0b22fe6553ffd6c927de0a316a0b01cde01e4c3932170c13bfebb45153f0cdb8.svg,,,,,,,,,A Comprehensive Benchmark to Evaluate LLMs as Agents (ICLR'24),,,,,,,,,,,,Application Engineering,Evals,,,,,,,,,,,,,,,,,,,,,,,,
THUDM/SwissArmyTransformer,,https://github.com/THUDM/SwissArmyTransformer,logos/0b22fe6553ffd6c927de0a316a0b01cde01e4c3932170c13bfebb45153f0cdb8.svg,,,,,,,,,SwissArmyTransformer is a flexible and powerful library to develop your own Transformer variants.,,,,,,,,,,,,Application Engineering,Frameworks,,,,,,,,,,,,,,,,,,,,,,,,
TimDettmers/bitsandbytes,,https://github.com/TimDettmers/bitsandbytes,logos/0b22fe6553ffd6c927de0a316a0b01cde01e4c3932170c13bfebb45153f0cdb8.svg,,,,,,,,,Accessible large language models via k-bit quantization for PyTorch.,,,,,,,,,,,,Operations,Model Serving,,,,,,,,,,,,,,,,,,,,,,,,
varunshenoy/GraphGPT,,https://github.com/varunshenoy/GraphGPT,logos/0b22fe6553ffd6c927de0a316a0b01cde01e4c3932170c13bfebb45153f0cdb8.svg,,,,,,,,,Extrapolating knowledge graphs from unstructured text using GPT-3 üïµÔ∏è‚Äç‚ôÇÔ∏è,,,,,,,,,,,,Application Engineering,Agentic Framework,,,,,,,,,,,,,,,,,,,,,,,,
Yifan-Song793/RestGPT,,https://github.com/Yifan-Song793/RestGPT,logos/0b22fe6553ffd6c927de0a316a0b01cde01e4c3932170c13bfebb45153f0cdb8.svg,,,,,,,,,An LLM-based autonomous agent controlling real-world applications via RESTful APIs,,,,,,,,,,,,Application Engineering,Agentic Framework,,,,,,,,,,,,,,,,,,,,,,,,
yihong0618/xiaogpt,,https://github.com/yihong0618/xiaogpt,logos/0b22fe6553ffd6c927de0a316a0b01cde01e4c3932170c13bfebb45153f0cdb8.svg,,,,,,,,,Play ChatGPT and other LLM with Xiaomi AI Speaker,,,,,,,,,,,,Application Engineering,UserInterface,,,,,,,,,,,,,,,,,,,,,,,,
YiVal/YiVal,,https://github.com/YiVal/YiVal,logos/0b22fe6553ffd6c927de0a316a0b01cde01e4c3932170c13bfebb45153f0cdb8.svg,,,,,,,,,Your Automatic Prompt Engineering Assistant for GenAI Applications,,,,,,,,,,,,Application Engineering,Prompt Engineering,,,,,,,,,,,,,,,,,,,,,,,,
